{
    "anger": {
        "Logistic Regression": {
            "precision": 0.43023255813953487,
            "recall": 0.6379310344827587,
            "f1": 0.5138888888888888,
            "accuracy": 0.8105548037889039
        },
        "One vs Rest Logistic Regression": {
            "precision": 0.43023255813953487,
            "recall": 0.6379310344827587,
            "f1": 0.5138888888888888,
            "accuracy": 0.8105548037889039
        },
        "Decision Tree": {
            "precision": 0.32558139534883723,
            "recall": 0.43410852713178294,
            "f1": 0.37209302325581395,
            "accuracy": 0.7442489851150202
        },
        "Random Forest": {
            "precision": 0.12790697674418605,
            "recall": 0.7857142857142857,
            "f1": 0.22,
            "accuracy": 0.7889039242219216
        },
        "KNN": {
            "precision": 0.12790697674418605,
            "recall": 0.46808510638297873,
            "f1": 0.2009132420091324,
            "accuracy": 0.7631935047361299
        },
        "SVC": {
            "precision": 0.14534883720930233,
            "recall": 0.8064516129032258,
            "f1": 0.24630541871921183,
            "accuracy": 0.7929634641407307
        },
        "XGBoost": {
            "precision": 0.3372093023255814,
            "recall": 0.6823529411764706,
            "f1": 0.45136186770428016,
            "accuracy": 0.8092016238159675
        }
    },
    "fear": {
        "Logistic Regression": {
            "precision": 0.13043478260869565,
            "recall": 0.6,
            "f1": 0.21428571428571427,
            "accuracy": 0.9702300405953992
        },
        "One vs Rest Logistic Regression": {
            "precision": 0.13043478260869565,
            "recall": 0.6,
            "f1": 0.21428571428571427,
            "accuracy": 0.9702300405953992
        },
        "Decision Tree": {
            "precision": 0.21739130434782608,
            "recall": 0.5555555555555556,
            "f1": 0.3125,
            "accuracy": 0.9702300405953992
        },
        "Random Forest": {
            "precision": 0.041666666666666664,
            "recall": 0.5,
            "f1": 0.07692307692307693,
            "accuracy": 0.9688768606224628
        },
        "KNN": {
            "precision": 0.041666666666666664,
            "recall": 0.5,
            "f1": 0.07692307692307693,
            "accuracy": 0.9688768606224628
        },
        "SVC": {
            "precision": 0.041666666666666664,
            "recall": 0.5,
            "f1": 0.07692307692307693,
            "accuracy": 0.9688768606224628
        },
        "XGBoost": {
            "precision": 0.17391304347826086,
            "recall": 0.8,
            "f1": 0.2857142857142857,
            "accuracy": 0.972936400541272
        }
    },
    "sadness": {
        "Logistic Regression": {
            "precision": 0.5459183673469388,
            "recall": 0.7482517482517482,
            "f1": 0.6312684365781711,
            "accuracy": 0.8308525033829499
        },
        "One vs Rest Logistic Regression": {
            "precision": 0.5459183673469388,
            "recall": 0.7482517482517482,
            "f1": 0.6312684365781711,
            "accuracy": 0.8308525033829499
        },
        "Decision Tree": {
            "precision": 0.5153061224489796,
            "recall": 0.5976331360946746,
            "f1": 0.5534246575342465,
            "accuracy": 0.7794316644113667
        },
        "Random Forest": {
            "precision": 0.5,
            "recall": 0.8032786885245902,
            "f1": 0.6163522012578616,
            "accuracy": 0.8349120433017592
        },
        "KNN": {
            "precision": 0.3979591836734694,
            "recall": 0.4875,
            "f1": 0.43820224719101125,
            "accuracy": 0.7293640054127198
        },
        "SVC": {
            "precision": 0.4897959183673469,
            "recall": 0.8067226890756303,
            "f1": 0.6095238095238096,
            "accuracy": 0.8335588633288228
        },
        "XGBoost": {
            "precision": 0.5051020408163265,
            "recall": 0.7557251908396947,
            "f1": 0.6055045871559633,
            "accuracy": 0.8254397834912043
        }
    },
    "joy": {
        "Logistic Regression": {
            "precision": 0.75,
            "recall": 0.725,
            "f1": 0.7372881355932204,
            "accuracy": 0.7483085250338295
        },
        "One vs Rest Logistic Regression": {
            "precision": 0.75,
            "recall": 0.725,
            "f1": 0.7372881355932204,
            "accuracy": 0.7483085250338295
        },
        "Decision Tree": {
            "precision": 0.7068965517241379,
            "recall": 0.6988636363636364,
            "f1": 0.7028571428571428,
            "accuracy": 0.7185385656292287
        },
        "Random Forest": {
            "precision": 0.75,
            "recall": 0.7131147540983607,
            "f1": 0.7310924369747899,
            "accuracy": 0.7401894451962111
        },
        "KNN": {
            "precision": 0.6551724137931034,
            "recall": 0.6333333333333333,
            "f1": 0.6440677966101694,
            "accuracy": 0.6589986468200271
        },
        "SVC": {
            "precision": 0.7557471264367817,
            "recall": 0.7050938337801609,
            "f1": 0.7295423023578363,
            "accuracy": 0.7361299052774019
        },
        "XGBoost": {
            "precision": 0.7471264367816092,
            "recall": 0.7046070460704607,
            "f1": 0.7252440725244073,
            "accuracy": 0.7334235453315291
        }
    }
}