{
    "anger": {
        "Logistic Regression": {
            "precision": 0.4476744186046512,
            "recall": 0.6311475409836066,
            "f1": 0.5238095238095238,
            "accuracy": 0.8105548037889039
        },
        "One vs Rest Logistic Regression": {
            "precision": 0.4476744186046512,
            "recall": 0.6311475409836066,
            "f1": 0.5238095238095238,
            "accuracy": 0.8105548037889039
        },
        "Decision Tree": {
            "precision": 0.3430232558139535,
            "recall": 0.472,
            "f1": 0.39730639730639733,
            "accuracy": 0.7577807848443843
        },
        "Random Forest": {
            "precision": 0.13372093023255813,
            "recall": 0.7931034482758621,
            "f1": 0.22885572139303484,
            "accuracy": 0.790257104194858
        },
        "KNN": {
            "precision": 0.12209302325581395,
            "recall": 0.42,
            "f1": 0.1891891891891892,
            "accuracy": 0.7564276048714479
        },
        "SVC": {
            "precision": 0.1686046511627907,
            "recall": 0.8055555555555556,
            "f1": 0.27884615384615385,
            "accuracy": 0.79702300405954
        },
        "XGBoost": {
            "precision": 0.37790697674418605,
            "recall": 0.6565656565656566,
            "f1": 0.4797047970479705,
            "accuracy": 0.8092016238159675
        }
    },
    "fear": {
        "Logistic Regression": {
            "precision": 0.13043478260869565,
            "recall": 0.75,
            "f1": 0.2222222222222222,
            "accuracy": 0.9715832205683356
        },
        "One vs Rest Logistic Regression": {
            "precision": 0.13043478260869565,
            "recall": 0.75,
            "f1": 0.2222222222222222,
            "accuracy": 0.9715832205683356
        },
        "Decision Tree": {
            "precision": 0.2608695652173913,
            "recall": 0.6666666666666666,
            "f1": 0.375,
            "accuracy": 0.972936400541272
        },
        "Random Forest": {
            "precision": 0.041666666666666664,
            "recall": 0.5,
            "f1": 0.07692307692307693,
            "accuracy": 0.9688768606224628
        },
        "KNN": {
            "precision": 0.041666666666666664,
            "recall": 0.5,
            "f1": 0.07692307692307693,
            "accuracy": 0.9688768606224628
        },
        "SVC": {
            "precision": 0.041666666666666664,
            "recall": 0.5,
            "f1": 0.07692307692307693,
            "accuracy": 0.9688768606224628
        },
        "XGBoost": {
            "precision": 0.13043478260869565,
            "recall": 0.75,
            "f1": 0.2222222222222222,
            "accuracy": 0.9715832205683356
        }
    },
    "sadness": {
        "Logistic Regression": {
            "precision": 0.5612244897959183,
            "recall": 0.738255033557047,
            "f1": 0.6376811594202898,
            "accuracy": 0.8308525033829499
        },
        "One vs Rest Logistic Regression": {
            "precision": 0.5612244897959183,
            "recall": 0.738255033557047,
            "f1": 0.6376811594202898,
            "accuracy": 0.8308525033829499
        },
        "Decision Tree": {
            "precision": 0.5306122448979592,
            "recall": 0.6190476190476191,
            "f1": 0.5714285714285714,
            "accuracy": 0.7889039242219216
        },
        "Random Forest": {
            "precision": 0.5102040816326531,
            "recall": 0.8264462809917356,
            "f1": 0.6309148264984227,
            "accuracy": 0.8416779431664412
        },
        "KNN": {
            "precision": 0.37755102040816324,
            "recall": 0.5211267605633803,
            "f1": 0.4378698224852071,
            "accuracy": 0.7428958051420839
        },
        "SVC": {
            "precision": 0.5153061224489796,
            "recall": 0.8015873015873016,
            "f1": 0.6273291925465838,
            "accuracy": 0.8376184032476319
        },
        "XGBoost": {
            "precision": 0.5255102040816326,
            "recall": 0.7862595419847328,
            "f1": 0.6299694189602446,
            "accuracy": 0.8362652232746955
        }
    },
    "joy": {
        "Logistic Regression": {
            "precision": 0.75,
            "recall": 0.7331460674157303,
            "f1": 0.7414772727272727,
            "accuracy": 0.7537212449255751
        },
        "One vs Rest Logistic Regression": {
            "precision": 0.75,
            "recall": 0.7331460674157303,
            "f1": 0.7414772727272727,
            "accuracy": 0.7537212449255751
        },
        "Decision Tree": {
            "precision": 0.6839080459770115,
            "recall": 0.6780626780626781,
            "f1": 0.6809728183118741,
            "accuracy": 0.6982408660351827
        },
        "Random Forest": {
            "precision": 0.7155172413793104,
            "recall": 0.7302052785923754,
            "f1": 0.7227866473149492,
            "accuracy": 0.7415426251691475
        },
        "KNN": {
            "precision": 0.6206896551724138,
            "recall": 0.6206896551724138,
            "f1": 0.6206896551724138,
            "accuracy": 0.6427604871447903
        },
        "SVC": {
            "precision": 0.7586206896551724,
            "recall": 0.7232876712328767,
            "f1": 0.7405329593267882,
            "accuracy": 0.7496617050067659
        },
        "XGBoost": {
            "precision": 0.7442528735632183,
            "recall": 0.7214484679665738,
            "f1": 0.7326732673267327,
            "accuracy": 0.7442489851150202
        }
    }
}