{
    "anger": {
        "Logistic Regression": {
            "precision": 0.7267441860465116,
            "recall": 0.44964028776978415,
            "f1": 0.5555555555555556,
            "accuracy": 0.7293640054127198
        },
        "One vs Rest Logistic Regression": {
            "precision": 0.7267441860465116,
            "recall": 0.44964028776978415,
            "f1": 0.5555555555555556,
            "accuracy": 0.7293640054127198
        },
        "Decision Tree": {
            "precision": 0.7383720930232558,
            "recall": 0.349862258953168,
            "f1": 0.4747663551401869,
            "accuracy": 0.6197564276048715
        },
        "Random Forest": {
            "precision": 0.7441860465116279,
            "recall": 0.40764331210191085,
            "f1": 0.5267489711934157,
            "accuracy": 0.6887686062246279
        },
        "KNN": {
            "precision": 0.5523255813953488,
            "recall": 0.2878787878787879,
            "f1": 0.3784860557768924,
            "accuracy": 0.577807848443843
        },
        "SVC": {
            "precision": 0.7034883720930233,
            "recall": 0.4879032258064516,
            "f1": 0.5761904761904761,
            "accuracy": 0.7591339648173207
        },
        "XGBoost": {
            "precision": 0.686046511627907,
            "recall": 0.41403508771929826,
            "f1": 0.5164113785557987,
            "accuracy": 0.7009472259810555
        }
    },
    "fear": {
        "Logistic Regression": {
            "precision": 0.8695652173913043,
            "recall": 0.07326007326007326,
            "f1": 0.13513513513513514,
            "accuracy": 0.6535859269282814
        },
        "One vs Rest Logistic Regression": {
            "precision": 0.8695652173913043,
            "recall": 0.07326007326007326,
            "f1": 0.13513513513513514,
            "accuracy": 0.6535859269282814
        },
        "Decision Tree": {
            "precision": 0.782608695652174,
            "recall": 0.0627177700348432,
            "f1": 0.11612903225806452,
            "accuracy": 0.6292286874154263
        },
        "Random Forest": {
            "precision": 0.6956521739130435,
            "recall": 0.07582938388625593,
            "f1": 0.13675213675213677,
            "accuracy": 0.7266576454668471
        },
        "KNN": {
            "precision": 0.8695652173913043,
            "recall": 0.046511627906976744,
            "f1": 0.08830022075055188,
            "accuracy": 0.44113667117726657
        },
        "SVC": {
            "precision": 0.782608695652174,
            "recall": 0.0661764705882353,
            "f1": 0.12203389830508475,
            "accuracy": 0.6495263870094723
        },
        "XGBoost": {
            "precision": 0.7391304347826086,
            "recall": 0.06772908366533864,
            "f1": 0.12408759124087591,
            "accuracy": 0.6752368064952639
        }
    },
    "sadness": {
        "Logistic Regression": {
            "precision": 0.6683673469387755,
            "recall": 0.6150234741784038,
            "f1": 0.6405867970660146,
            "accuracy": 0.8010825439783491
        },
        "One vs Rest Logistic Regression": {
            "precision": 0.6683673469387755,
            "recall": 0.6150234741784038,
            "f1": 0.6405867970660146,
            "accuracy": 0.8010825439783491
        },
        "Decision Tree": {
            "precision": 0.576530612244898,
            "recall": 0.70625,
            "f1": 0.6348314606741573,
            "accuracy": 0.8240866035182679
        },
        "Random Forest": {
            "precision": 0.6377551020408163,
            "recall": 0.6544502617801047,
            "f1": 0.6459948320413437,
            "accuracy": 0.8146143437077131
        },
        "KNN": {
            "precision": 0.6836734693877551,
            "recall": 0.5173745173745173,
            "f1": 0.589010989010989,
            "accuracy": 0.7469553450608931
        },
        "SVC": {
            "precision": 0.6224489795918368,
            "recall": 0.6740331491712708,
            "f1": 0.6472148541114059,
            "accuracy": 0.8200270635994588
        },
        "XGBoost": {
            "precision": 0.6377551020408163,
            "recall": 0.628140703517588,
            "f1": 0.6329113924050633,
            "accuracy": 0.803788903924222
        }
    },
    "joy": {
        "Logistic Regression": {
            "precision": 0.764367816091954,
            "recall": 0.7169811320754716,
            "f1": 0.7399165507649513,
            "accuracy": 0.7469553450608931
        },
        "One vs Rest Logistic Regression": {
            "precision": 0.764367816091954,
            "recall": 0.7169811320754716,
            "f1": 0.7399165507649513,
            "accuracy": 0.7469553450608931
        },
        "Decision Tree": {
            "precision": 0.7787356321839081,
            "recall": 0.6483253588516746,
            "f1": 0.7075718015665796,
            "accuracy": 0.6968876860622463
        },
        "Random Forest": {
            "precision": 0.7758620689655172,
            "recall": 0.712401055408971,
            "f1": 0.7427785419532325,
            "accuracy": 0.7469553450608931
        },
        "KNN": {
            "precision": 0.7557471264367817,
            "recall": 0.6188235294117647,
            "f1": 0.6804657179818887,
            "accuracy": 0.6657645466847091
        },
        "SVC": {
            "precision": 0.7816091954022989,
            "recall": 0.7157894736842105,
            "f1": 0.7472527472527473,
            "accuracy": 0.7510148849797023
        },
        "XGBoost": {
            "precision": 0.7528735632183908,
            "recall": 0.706199460916442,
            "f1": 0.7287899860917941,
            "accuracy": 0.7361299052774019
        }
    }
}