{
    "anger": {
        "Logistic Regression": {
            "precision": 0.43023255813953487,
            "recall": 0.6379310344827587,
            "f1": 0.5138888888888888,
            "accuracy": 0.8105548037889039
        },
        "One vs Rest Logistic Regression": {
            "precision": 0.43023255813953487,
            "recall": 0.6379310344827587,
            "f1": 0.5138888888888888,
            "accuracy": 0.8105548037889039
        },
        "Decision Tree": {
            "precision": 0.28488372093023256,
            "recall": 0.5833333333333334,
            "f1": 0.3828125,
            "accuracy": 0.7861975642760487
        },
        "Random Forest": {
            "precision": 0.09883720930232558,
            "recall": 0.7083333333333334,
            "f1": 0.17346938775510204,
            "accuracy": 0.7807848443843031
        },
        "KNN": {
            "precision": 0.029069767441860465,
            "recall": 0.29411764705882354,
            "f1": 0.05291005291005291,
            "accuracy": 0.7577807848443843
        },
        "SVC": {
            "precision": 0.4186046511627907,
            "recall": 0.7058823529411765,
            "f1": 0.5255474452554745,
            "accuracy": 0.8240866035182679
        },
        "XGBoost": {
            "precision": 0.37209302325581395,
            "recall": 0.6530612244897959,
            "f1": 0.4740740740740741,
            "accuracy": 0.8078484438430311
        }
    },
    "fear": {
        "Logistic Regression": {
            "precision": 0.17391304347826086,
            "recall": 0.6666666666666666,
            "f1": 0.27586206896551724,
            "accuracy": 0.9715832205683356
        },
        "One vs Rest Logistic Regression": {
            "precision": 0.17391304347826086,
            "recall": 0.6666666666666666,
            "f1": 0.27586206896551724,
            "accuracy": 0.9715832205683356
        },
        "Decision Tree": {
            "precision": 0.21739130434782608,
            "recall": 0.7142857142857143,
            "f1": 0.3333333333333333,
            "accuracy": 0.972936400541272
        },
        "Random Forest": {
            "precision": 0.041666666666666664,
            "recall": 0.5,
            "f1": 0.07692307692307693,
            "accuracy": 0.9688768606224628
        },
        "KNN": {
            "precision": 0.041666666666666664,
            "recall": 0.5,
            "f1": 0.07692307692307693,
            "accuracy": 0.9688768606224628
        },
        "SVC": {
            "precision": 0.17391304347826086,
            "recall": 0.8,
            "f1": 0.2857142857142857,
            "accuracy": 0.9742895805142084
        },
        "XGBoost": {
            "precision": 0.21739130434782608,
            "recall": 0.7142857142857143,
            "f1": 0.3333333333333333,
            "accuracy": 0.972936400541272
        }
    },
    "sadness": {
        "Logistic Regression": {
            "precision": 0.5459183673469388,
            "recall": 0.7482517482517482,
            "f1": 0.6312684365781711,
            "accuracy": 0.8308525033829499
        },
        "One vs Rest Logistic Regression": {
            "precision": 0.5459183673469388,
            "recall": 0.7482517482517482,
            "f1": 0.6312684365781711,
            "accuracy": 0.8308525033829499
        },
        "Decision Tree": {
            "precision": 0.4642857142857143,
            "recall": 0.7647058823529411,
            "f1": 0.5777777777777777,
            "accuracy": 0.8200270635994588
        },
        "Random Forest": {
            "precision": 0.49489795918367346,
            "recall": 0.8220338983050848,
            "f1": 0.6178343949044586,
            "accuracy": 0.8376184032476319
        },
        "KNN": {
            "precision": 0.29591836734693877,
            "recall": 0.8169014084507042,
            "f1": 0.4344569288389513,
            "accuracy": 0.7956698240866035
        },
        "SVC": {
            "precision": 0.5561224489795918,
            "recall": 0.7841726618705036,
            "f1": 0.6507462686567164,
            "accuracy": 0.8416779431664412
        },
        "XGBoost": {
            "precision": 0.5408163265306123,
            "recall": 0.7794117647058824,
            "f1": 0.6385542168674698,
            "accuracy": 0.8376184032476319
        }
    },
    "joy": {
        "Logistic Regression": {
            "precision": 0.75,
            "recall": 0.725,
            "f1": 0.7372881355932204,
            "accuracy": 0.7483085250338295
        },
        "One vs Rest Logistic Regression": {
            "precision": 0.75,
            "recall": 0.725,
            "f1": 0.7372881355932204,
            "accuracy": 0.7483085250338295
        },
        "Decision Tree": {
            "precision": 0.7385057471264368,
            "recall": 0.6623711340206185,
            "f1": 0.6983695652173914,
            "accuracy": 0.699594046008119
        },
        "Random Forest": {
            "precision": 0.7471264367816092,
            "recall": 0.7182320441988951,
            "f1": 0.7323943661971831,
            "accuracy": 0.7428958051420839
        },
        "KNN": {
            "precision": 0.6954022988505747,
            "recall": 0.6436170212765957,
            "f1": 0.6685082872928176,
            "accuracy": 0.6752368064952639
        },
        "SVC": {
            "precision": 0.7183908045977011,
            "recall": 0.7267441860465116,
            "f1": 0.7225433526011561,
            "accuracy": 0.7401894451962111
        },
        "XGBoost": {
            "precision": 0.7557471264367817,
            "recall": 0.7225274725274725,
            "f1": 0.7387640449438202,
            "accuracy": 0.7483085250338295
        }
    }
}