{
    "anger": {
        "Logistic Regression": {
            "precision": 0.7034883720930233,
            "recall": 0.4820717131474104,
            "f1": 0.5721040189125296,
            "accuracy": 0.7550744248985115
        },
        "One vs Rest Logistic Regression": {
            "precision": 0.7034883720930233,
            "recall": 0.4820717131474104,
            "f1": 0.5721040189125296,
            "accuracy": 0.7550744248985115
        },
        "Decision Tree": {
            "precision": 0.627906976744186,
            "recall": 0.35294117647058826,
            "f1": 0.45188284518828453,
            "accuracy": 0.645466847090663
        },
        "Random Forest": {
            "precision": 0.6395348837209303,
            "recall": 0.43478260869565216,
            "f1": 0.5176470588235295,
            "accuracy": 0.7225981055480379
        },
        "KNN": {
            "precision": 0.43023255813953487,
            "recall": 0.27205882352941174,
            "f1": 0.3333333333333333,
            "accuracy": 0.5994587280108254
        },
        "SVC": {
            "precision": 0.6686046511627907,
            "recall": 0.4227941176470588,
            "f1": 0.5180180180180181,
            "accuracy": 0.7104194857916103
        },
        "XGBoost": {
            "precision": 0.6976744186046512,
            "recall": 0.4225352112676056,
            "f1": 0.5263157894736842,
            "accuracy": 0.7077131258457375
        }
    },
    "fear": {
        "Logistic Regression": {
            "precision": 0.8260869565217391,
            "recall": 0.07037037037037037,
            "f1": 0.1296928327645051,
            "accuracy": 0.6549391069012178
        },
        "One vs Rest Logistic Regression": {
            "precision": 0.8260869565217391,
            "recall": 0.07037037037037037,
            "f1": 0.1296928327645051,
            "accuracy": 0.6549391069012178
        },
        "Decision Tree": {
            "precision": 0.7391304347826086,
            "recall": 0.056291390728476824,
            "f1": 0.10461538461538461,
            "accuracy": 0.6062246278755075
        },
        "Random Forest": {
            "precision": 0.8695652173913043,
            "recall": 0.07782101167315175,
            "f1": 0.14285714285714285,
            "accuracy": 0.6752368064952639
        },
        "KNN": {
            "precision": 0.9565217391304348,
            "recall": 0.03873239436619718,
            "f1": 0.07445008460236886,
            "accuracy": 0.2598105548037889
        },
        "SVC": {
            "precision": 0.782608695652174,
            "recall": 0.04945054945054945,
            "f1": 0.09302325581395349,
            "accuracy": 0.5250338294993234
        },
        "XGBoost": {
            "precision": 0.6956521739130435,
            "recall": 0.06666666666666667,
            "f1": 0.12167300380228137,
            "accuracy": 0.6874154262516915
        }
    },
    "sadness": {
        "Logistic Regression": {
            "precision": 0.6938775510204082,
            "recall": 0.5230769230769231,
            "f1": 0.5964912280701754,
            "accuracy": 0.7510148849797023
        },
        "One vs Rest Logistic Regression": {
            "precision": 0.6938775510204082,
            "recall": 0.5230769230769231,
            "f1": 0.5964912280701754,
            "accuracy": 0.7510148849797023
        },
        "Decision Tree": {
            "precision": 0.6683673469387755,
            "recall": 0.48518518518518516,
            "f1": 0.5622317596566524,
            "accuracy": 0.7239512855209743
        },
        "Random Forest": {
            "precision": 0.6377551020408163,
            "recall": 0.6476683937823834,
            "f1": 0.6426735218508998,
            "accuracy": 0.8119079837618404
        },
        "KNN": {
            "precision": 0.7908163265306123,
            "recall": 0.34140969162995594,
            "f1": 0.47692307692307695,
            "accuracy": 0.5399188092016238
        },
        "SVC": {
            "precision": 0.6122448979591837,
            "recall": 0.6629834254143646,
            "f1": 0.636604774535809,
            "accuracy": 0.8146143437077131
        },
        "XGBoost": {
            "precision": 0.6683673469387755,
            "recall": 0.5822222222222222,
            "f1": 0.6223277909738717,
            "accuracy": 0.7848443843031123
        }
    },
    "joy": {
        "Logistic Regression": {
            "precision": 0.7729885057471264,
            "recall": 0.713527851458886,
            "f1": 0.7420689655172413,
            "accuracy": 0.7469553450608931
        },
        "One vs Rest Logistic Regression": {
            "precision": 0.7729885057471264,
            "recall": 0.713527851458886,
            "f1": 0.7420689655172413,
            "accuracy": 0.7469553450608931
        },
        "Decision Tree": {
            "precision": 0.7097701149425287,
            "recall": 0.6861111111111111,
            "f1": 0.6977401129943502,
            "accuracy": 0.7104194857916103
        },
        "Random Forest": {
            "precision": 0.7931034482758621,
            "recall": 0.71875,
            "f1": 0.7540983606557377,
            "accuracy": 0.7564276048714479
        },
        "KNN": {
            "precision": 0.7040229885057471,
            "recall": 0.6094527363184079,
            "f1": 0.6533333333333333,
            "accuracy": 0.6481732070365359
        },
        "SVC": {
            "precision": 0.7844827586206896,
            "recall": 0.6893939393939394,
            "f1": 0.7338709677419355,
            "accuracy": 0.7320703653585927
        },
        "XGBoost": {
            "precision": 0.7701149425287356,
            "recall": 0.6961038961038961,
            "f1": 0.7312414733969986,
            "accuracy": 0.7334235453315291
        }
    }
}