{
    "anger": {
        "tp": 266,
        "fp": 461,
        "fn": 576,
        "acc_count": 2657,
        "count": 842,
        "accuracy": 0.7192744991878722,
        "prevalence": 0.22793719545208446,
        "precision": 0.3658872077028886,
        "recall": 0.3159144893111639,
        "f1_score": 0.33906947100063733
    },
    "fear": {
        "tp": 42,
        "fp": 881,
        "fn": 53,
        "acc_count": 2760,
        "count": 95,
        "accuracy": 0.7471575527883053,
        "prevalence": 0.025717379534380077,
        "precision": 0.04550379198266522,
        "recall": 0.4421052631578947,
        "f1_score": 0.08251473477406679
    },
    "sadness": {
        "tp": 529,
        "fp": 634,
        "fn": 466,
        "acc_count": 2594,
        "count": 995,
        "accuracy": 0.7022198159177044,
        "prevalence": 0.26935571196534924,
        "precision": 0.4548581255374033,
        "recall": 0.5316582914572864,
        "f1_score": 0.4902687673772011
    },
    "joy": {
        "tp": 470,
        "fp": 350,
        "fn": 1292,
        "acc_count": 2052,
        "count": 1762,
        "accuracy": 0.5554953979426096,
        "prevalence": 0.47698971304818627,
        "precision": 0.573170731707317,
        "recall": 0.2667423382519864,
        "f1_score": 0.36405886909372587
    }
}