{
  "anger_svm": [
    {
      "C": 1000,
      "break_ties": false,
      "cache_size": 200,
      "class_weight": null,
      "coef0": 0.0,
      "decision_function_shape": "ovr",
      "degree": 3,
      "gamma": 0.1,
      "kernel": "sigmoid",
      "max_iter": -1,
      "probability": false,
      "random_state": null,
      "shrinking": true,
      "tol": 0.001,
      "verbose": false
    },
    {
      "0": {
        "precision": 0.8170731707317073,
        "recall": 0.7745664739884393,
        "f1-score": 0.7952522255192878,
        "support": 173
      },
      "1": {
        "precision": 0.3157894736842105,
        "recall": 0.375,
        "f1-score": 0.34285714285714286,
        "support": 48
      },
      "accuracy": 0.6877828054298643,
      "macro avg": {
        "precision": 0.5664313222079589,
        "recall": 0.5747832369942196,
        "f1-score": 0.5690546841882154,
        "support": 221
      },
      "weighted avg": {
        "precision": 0.7081970736354184,
        "recall": 0.6877828054298643,
        "f1-score": 0.6969944700089576,
        "support": 221
      }
    }
  ],
  "fear_svm": [
    {
      "C": 1000,
      "break_ties": false,
      "cache_size": 200,
      "class_weight": null,
      "coef0": 0.0,
      "decision_function_shape": "ovr",
      "degree": 3,
      "gamma": 0.1,
      "kernel": "sigmoid",
      "max_iter": -1,
      "probability": false,
      "random_state": null,
      "shrinking": true,
      "tol": 0.001,
      "verbose": false
    },
    {
      "0": {
        "precision": 0.8952879581151832,
        "recall": 0.868020304568528,
        "f1-score": 0.8814432989690723,
        "support": 197
      },
      "1": {
        "precision": 0.13333333333333333,
        "recall": 0.16666666666666666,
        "f1-score": 0.14814814814814814,
        "support": 24
      },
      "accuracy": 0.7918552036199095,
      "macro avg": {
        "precision": 0.5143106457242583,
        "recall": 0.5173434856175974,
        "f1-score": 0.5147957235586103,
        "support": 221
      },
      "weighted avg": {
        "precision": 0.8125417545189642,
        "recall": 0.7918552036199095,
        "f1-score": 0.8018094364364832,
        "support": 221
      }
    }
  ],
  "sadness_svm": [
    {
      "C": 100,
      "break_ties": false,
      "cache_size": 200,
      "class_weight": null,
      "coef0": 0.0,
      "decision_function_shape": "ovr",
      "degree": 3,
      "gamma": 0.01,
      "kernel": "sigmoid",
      "max_iter": -1,
      "probability": false,
      "random_state": null,
      "shrinking": true,
      "tol": 0.001,
      "verbose": false
    },
    {
      "0": {
        "precision": 0.768361581920904,
        "recall": 0.84472049689441,
        "f1-score": 0.8047337278106509,
        "support": 161
      },
      "1": {
        "precision": 0.4318181818181818,
        "recall": 0.31666666666666665,
        "f1-score": 0.36538461538461536,
        "support": 60
      },
      "accuracy": 0.7013574660633484,
      "macro avg": {
        "precision": 0.6000898818695429,
        "recall": 0.5806935817805383,
        "f1-score": 0.5850591715976331,
        "support": 221
      },
      "weighted avg": {
        "precision": 0.6769923330242373,
        "recall": 0.7013574660633484,
        "f1-score": 0.6854534257945327,
        "support": 221
      }
    }
  ],
  "disgust_svm": [
    {
      "C": 1000,
      "break_ties": false,
      "cache_size": 200,
      "class_weight": null,
      "coef0": 0.0,
      "decision_function_shape": "ovr",
      "degree": 3,
      "gamma": 0.01,
      "kernel": "sigmoid",
      "max_iter": -1,
      "probability": false,
      "random_state": null,
      "shrinking": true,
      "tol": 0.001,
      "verbose": false
    },
    {
      "0": {
        "precision": 0.8145695364238411,
        "recall": 0.7109826589595376,
        "f1-score": 0.7592592592592593,
        "support": 173
      },
      "1": {
        "precision": 0.2857142857142857,
        "recall": 0.4166666666666667,
        "f1-score": 0.3389830508474576,
        "support": 48
      },
      "accuracy": 0.6470588235294118,
      "macro avg": {
        "precision": 0.5501419110690634,
        "recall": 0.5638246628131022,
        "f1-score": 0.5491211550533585,
        "support": 221
      },
      "weighted avg": {
        "precision": 0.6997050475819467,
        "recall": 0.6470588235294118,
        "f1-score": 0.6679775488349766,
        "support": 221
      }
    }
  ],
  "joy_svm": [
    {
      "C": 1000,
      "break_ties": false,
      "cache_size": 200,
      "class_weight": null,
      "coef0": 0.0,
      "decision_function_shape": "ovr",
      "degree": 3,
      "gamma": 0.0001,
      "kernel": "rbf",
      "max_iter": -1,
      "probability": false,
      "random_state": null,
      "shrinking": true,
      "tol": 0.001,
      "verbose": false
    },
    {
      "0": {
        "precision": 0.84375,
        "recall": 0.9418604651162791,
        "f1-score": 0.8901098901098902,
        "support": 172
      },
      "1": {
        "precision": 0.6551724137931034,
        "recall": 0.3877551020408163,
        "f1-score": 0.48717948717948717,
        "support": 49
      },
      "accuracy": 0.8190045248868778,
      "macro avg": {
        "precision": 0.7494612068965517,
        "recall": 0.6648077835785478,
        "f1-score": 0.6886446886446886,
        "support": 221
      },
      "weighted avg": {
        "precision": 0.8019386799812763,
        "recall": 0.8190045248868778,
        "f1-score": 0.8007723799579003,
        "support": 221
      }
    }
  ]
}