{
    "bert2": {
        "epoch": [12,13,14,15,16],
        "lr": [0.0001,0.0002,0.0003,0.0004,0.0005],
        "batch_size": [8,10,12,14,16],
        "sample_size": [1],
        "resample": [0],
        "threshold":[0.5,0.52,0.54,0.56,0.58,0.6,0.62,0.64,0.66,0.68,0.7]
    },
    "muse": {
        "epoch": [4,5,6,7,8,9,10,11,12],
        "lr": [0.3,0.25,0.2,0.15,0.1,0.0001,0.00005,0.00006,0.00007,0.00008,0.00009],
        "batch_size": [4,6,8,10,12],
        "sample_size": [1],
        "resample": [0,1],
        "threshold":[0.5,0.52,0.54,0.56,0.58,0.6,0.62,0.64,0.66,0.68,0.7]
    },
    "GloVe": {
        "epoch": [17,18,19,20],
        "lr": [0.00043,0.00044,0.00045,0.00046,0.00047,0.00048,0.00049,0.0005,0.00051,0.00052],
        "batch_size": [4,5,6,7,8,9,10,11,12,13,14],
        "sample_size": [1],
        "resample": [0,1],
        "threshold":[0.5,0.51,0.52,0.53,0.54,0.55,0.56,0.57,0.58,0.59,0.6,0.61,0.62,0.63,0.64,0.65,0.66,0.67]
    },
    "GPT2": {
        "epoch": [],
        "lr": [],
        "batch_size": [],
        "sample_size": [],
        "resample": [],
        "threshold":[]
    },
    "BagOfWords": {
        "epoch": [],
        "lr": [],
        "batch_size": [],
        "sample_size": [],
        "resample": [],
        "threshold":[]
    }
}