{
    "anger": {
        "tp": 39,
        "fp": 69,
        "fn": 710,
        "acc_count": 2493,
        "count": 749,
        "accuracy": 0.16871954520844612,
        "prevalence": 0.05069030860855441,
        "precision": 0.3611111111111111,
        "recall": 0.0520694259012016,
        "f1_score": 0.09101516919486581
    },
    "fear": {
        "tp": 4,
        "fp": 160,
        "fn": 51,
        "acc_count": 3061,
        "count": 55,
        "accuracy": 0.20716025988088793,
        "prevalence": 0.003722252301028695,
        "precision": 0.024390243902439025,
        "recall": 0.07272727272727272,
        "f1_score": 0.03652968036529681
    },
    "sadness": {
        "tp": 228,
        "fp": 144,
        "fn": 807,
        "acc_count": 2321,
        "count": 1035,
        "accuracy": 0.15707904710341095,
        "prevalence": 0.07004602057390363,
        "precision": 0.6129032258064516,
        "recall": 0.22028985507246376,
        "f1_score": 0.32409381663113007
    },
    "joy": {
        "tp": 150,
        "fp": 57,
        "fn": 1283,
        "acc_count": 1932,
        "count": 1433,
        "accuracy": 0.13075257173795343,
        "prevalence": 0.09698159177043855,
        "precision": 0.7246376811594203,
        "recall": 0.104675505931612,
        "f1_score": 0.18292682926829268
    }
}