{
    "anger": {
        "tp": 118,
        "fp": 198,
        "fn": 724,
        "acc_count": 2772,
        "count": 842,
        "accuracy": 0.750406063887385,
        "prevalence": 0.22793719545208446,
        "precision": 0.37341772151898733,
        "recall": 0.14014251781472684,
        "f1_score": 0.20379965457685664
    },
    "fear": {
        "tp": 28,
        "fp": 446,
        "fn": 67,
        "acc_count": 3181,
        "count": 95,
        "accuracy": 0.8611261505143476,
        "prevalence": 0.025717379534380077,
        "precision": 0.05907172995780591,
        "recall": 0.29473684210526313,
        "f1_score": 0.09841827768014058
    },
    "sadness": {
        "tp": 370,
        "fp": 331,
        "fn": 625,
        "acc_count": 2738,
        "count": 995,
        "accuracy": 0.7412019491066595,
        "prevalence": 0.26935571196534924,
        "precision": 0.5278174037089871,
        "recall": 0.37185929648241206,
        "f1_score": 0.43632075471698106
    },
    "joy": {
        "tp": 263,
        "fp": 131,
        "fn": 1499,
        "acc_count": 2064,
        "count": 1762,
        "accuracy": 0.5587439090416892,
        "prevalence": 0.47698971304818627,
        "precision": 0.6675126903553299,
        "recall": 0.1492622020431328,
        "f1_score": 0.24397031539888686
    }
}